Release Title,Artist,Track Title,Track Number,Catalog Number,ISRC,Genre,Composer
Tidal Hours,Lumen Tide,Low Water,1,LT-003,CA-LT1-26-00001,Ambient Folk,
Tidal Hours,Lumen Tide,Harbour Lights,2,LT-003,CA-LT1-26-00002,Ambient Folk,
Tidal Hours,Lumen Tide,Salt in the Tape,3,LT-003,CA-LT1-26-00003,Ambient Folk,
Tidal Hours,Lumen Tide,What the Gulls Said,4,LT-003,CA-LT1-26-00004,Ambient Folk,
Tidal Hours,Lumen Tide,Fog Bell,5,LT-003,CA-LT1-26-00005,Ambient Folk,
Tidal Hours,Lumen Tide,Slack Tide,6,LT-003,CA-LT1-26-00006,Ambient Folk,
Moss Choir,Lumen Tide,Lichen Hymn,1,LT-002,CA-LT1-25-00001,Ambient Folk,
Moss Choir,Lumen Tide,The Water Is Wide,2,LT-002,CA-LT1-25-00002,Ambient Folk,Traditional
Moss Choir,Lumen Tide,Undergrowth,3,LT-002,CA-LT1-25-00003,Ambient Folk,
Moss Choir,Lumen Tide,She Moved Through the Fair,4,LT-002,CA-LT1-25-00004,Ambient Folk,Traditional
Night Ferry,Ada Rivers,Departure Board,1,AR-001,CA-AR1-24-00001,Chamber Pop,
Night Ferry,Ada Rivers,Crossing at Two,2,AR-001,CA-AR1-24-00002,Chamber Pop,Theo Marsh
Night Ferry,Ada Rivers,Lights of Digby,3,AR-001,CA-AR1-24-00003,Chamber Pop,
